timestamp,can_id,data
{"timestamp":0.000,"speed":0.0,"rpm":2000,"throttle":100,"brake":0,"gear":1,"steering":0.0}
{"timestamp":0.050,"speed":5.0,"rpm":2125,"throttle":100,"brake":0,"gear":1,"steering":0.0}
{"timestamp":0.100,"speed":10.0,"rpm":2250,"throttle":100,"brake":0,"gear":1,"steering":0.0}
{"timestamp":0.150,"speed":15.0,"rpm":2375,"throttle":100,"brake":0,"gear":1,"steering":0.0}
{"timestamp":0.200,"speed":20.0,"rpm":2500,"throttle":100,"brake":0,"gear":1,"steering":0.0}
{"timestamp":0.250,"speed":25.0,"rpm":2625,"throttle":100,"brake":0,"gear":1,"steering":0.0}
{"timestamp":0.300,"speed":30.0,"rpm":2750,"throttle":100,"brake":0,"gear":1,"steering":0.0}
{"timestamp":0.350,"speed":35.0,"rpm":2875,"throttle":100,"brake":0,"gear":1,"steering":0.0}
{"timestamp":0.400,"speed":40.0,"rpm":3000,"throttle":100,"brake":0,"gear":1,"steering":0.0}
{"timestamp":0.450,"speed":45.0,"rpm":3125,"throttle":100,"brake":0,"gear":1,"steering":0.0}
{"timestamp":0.500,"speed":50.0,"rpm":4500,"throttle":100,"brake":0,"gear":2,"steering":0.0}
{"timestamp":0.550,"speed":55.0,"rpm":4750,"throttle":100,"brake":0,"gear":2,"steering":0.0}
{"timestamp":0.600,"speed":60.0,"rpm":5000,"throttle":100,"brake":0,"gear":2,"steering":0.0}
{"timestamp":0.650,"speed":65.0,"rpm":5250,"throttle":100,"brake":0,"gear":2,"steering":0.0}
{"timestamp":0.700,"speed":70.0,"rpm":5500,"throttle":100,"brake":0,"gear":2,"steering":0.0}
{"timestamp":0.750,"speed":75.0,"rpm":5750,"throttle":100,"brake":0,"gear":2,"steering":0.0}
{"timestamp":0.800,"speed":80.0,"rpm":6000,"throttle":100,"brake":0,"gear":2,"steering":0.0}
{"timestamp":0.850,"speed":85.0,"rpm":6250,"throttle":100,"brake":0,"gear":2,"steering":0.0}
{"timestamp":0.900,"speed":90.0,"rpm":6500,"throttle":100,"brake":0,"gear":2,"steering":0.0}
{"timestamp":0.950,"speed":95.0,"rpm":6750,"throttle":100,"brake":0,"gear":2,"steering":0.0}
{"timestamp":1.000,"speed":100.0,"rpm":7000,"throttle":100,"brake":0,"gear":2,"steering":0.0}
{"timestamp":1.050,"speed":104.0,"rpm":7200,"throttle":100,"brake":0,"gear":2,"steering":0.0}
{"timestamp":1.100,"speed":108.0,"rpm":7400,"throttle":100,"brake":0,"gear":2,"steering":0.0}
{"timestamp":1.150,"speed":112.0,"rpm":7600,"throttle":100,"brake":0,"gear":2,"steering":0.0}
{"timestamp":1.200,"speed":116.0,"rpm":7800,"throttle":100,"brake":0,"gear":2,"steering":0.0}
{"timestamp":1.250,"speed":120.0,"rpm":8000,"throttle":100,"brake":0,"gear":2,"steering":0.0}
{"timestamp":1.300,"speed":124.0,"rpm":8200,"throttle":100,"brake":0,"gear":2,"steering":0.0}
{"timestamp":1.350,"speed":128.0,"rpm":8400,"throttle":100,"brake":0,"gear":2,"steering":0.0}
{"timestamp":1.400,"speed":132.0,"rpm":8600,"throttle":100,"brake":0,"gear":2,"steering":0.0}
{"timestamp":1.450,"speed":136.0,"rpm":8800,"throttle":100,"brake":0,"gear":2,"steering":0.0}
{"timestamp":1.500,"speed":140.0,"rpm":12500,"throttle":100,"brake":0,"gear":3,"steering":0.0}
{"timestamp":1.550,"speed":144.0,"rpm":12800,"throttle":100,"brake":0,"gear":3,"steering":0.0}
{"timestamp":1.600,"speed":148.0,"rpm":13100,"throttle":100,"brake":0,"gear":3,"steering":0.0}
{"timestamp":1.650,"speed":152.0,"rpm":13400,"throttle":100,"brake":0,"gear":3,"steering":0.0}
{"timestamp":1.700,"speed":156.0,"rpm":13700,"throttle":100,"brake":0,"gear":3,"steering":0.0}
{"timestamp":1.750,"speed":160.0,"rpm":14000,"throttle":100,"brake":0,"gear":3,"steering":0.0}
{"timestamp":1.800,"speed":164.0,"rpm":14300,"throttle":100,"brake":0,"gear":3,"steering":0.0}
{"timestamp":1.850,"speed":168.0,"rpm":14600,"throttle":100,"brake":0,"gear":3,"steering":0.0}
{"timestamp":1.900,"speed":172.0,"rpm":14900,"throttle":100,"brake":0,"gear":3,"steering":0.0}
{"timestamp":1.950,"speed":176.0,"rpm":15200,"throttle":100,"brake":0,"gear":3,"steering":0.0}
{"timestamp":2.000,"speed":180.0,"rpm":15500,"throttle":100,"brake":0,"gear":3,"steering":0.0}
{"timestamp":2.050,"speed":183.5,"rpm":15763,"throttle":100,"brake":0,"gear":3,"steering":0.0}
{"timestamp":2.100,"speed":187.0,"rpm":16025,"throttle":100,"brake":0,"gear":3,"steering":0.0}
{"timestamp":2.150,"speed":190.5,"rpm":16288,"throttle":100,"brake":0,"gear":3,"steering":0.0}
{"timestamp":2.200,"speed":194.0,"rpm":16550,"throttle":100,"brake":0,"gear":3,"steering":0.0}
{"timestamp":2.250,"speed":197.5,"rpm":21750,"throttle":100,"brake":0,"gear":4,"steering":0.0}
{"timestamp":2.300,"speed":201.0,"rpm":22100,"throttle":100,"brake":0,"gear":4,"steering":0.0}
{"timestamp":2.350,"speed":204.5,"rpm":22450,"throttle":100,"brake":0,"gear":4,"steering":0.0}
{"timestamp":2.400,"speed":208.0,"rpm":22800,"throttle":100,"brake":0,"gear":4,"steering":0.0}
{"timestamp":2.450,"speed":211.5,"rpm":23150,"throttle":100,"brake":0,"gear":4,"steering":0.0}
{"timestamp":2.500,"speed":215.0,"rpm":23500,"throttle":100,"brake":0,"gear":4,"steering":0.0}
{"timestamp":2.550,"speed":218.5,"rpm":23850,"throttle":100,"brake":0,"gear":4,"steering":0.0}
{"timestamp":2.600,"speed":222.0,"rpm":24200,"throttle":100,"brake":0,"gear":4,"steering":0.0}
{"timestamp":2.650,"speed":225.5,"rpm":24550,"throttle":100,"brake":0,"gear":4,"steering":0.0}
{"timestamp":2.700,"speed":229.0,"rpm":24900,"throttle":100,"brake":0,"gear":4,"steering":0.0}
{"timestamp":2.750,"speed":232.5,"rpm":25250,"throttle":100,"brake":0,"gear":4,"steering":0.0}
{"timestamp":2.800,"speed":236.0,"rpm":31500,"throttle":100,"brake":0,"gear":5,"steering":0.0}
{"timestamp":2.850,"speed":239.5,"rpm":31937,"throttle":100,"brake":0,"gear":5,"steering":0.0}
{"timestamp":2.900,"speed":243.0,"rpm":32375,"throttle":100,"brake":0,"gear":5,"steering":0.0}
{"timestamp":2.950,"speed":246.5,"rpm":32812,"throttle":100,"brake":0,"gear":5,"steering":0.0}
{"timestamp":3.000,"speed":250.0,"rpm":33250,"throttle":100,"brake":0,"gear":5,"steering":0.0}
{"timestamp":3.050,"speed":252.5,"rpm":33562,"throttle":100,"brake":0,"gear":5,"steering":0.0}
{"timestamp":3.100,"speed":255.0,"rpm":33875,"throttle":100,"brake":0,"gear":5,"steering":0.0}
{"timestamp":3.150,"speed":257.5,"rpm":34187,"throttle":100,"brake":0,"gear":5,"steering":0.0}
{"timestamp":3.200,"speed":260.0,"rpm":34500,"throttle":100,"brake":0,"gear":5,"steering":0.0}
{"timestamp":3.250,"speed":262.5,"rpm":34812,"throttle":100,"brake":0,"gear":5,"steering":0.0}
{"timestamp":3.300,"speed":265.0,"rpm":35125,"throttle":100,"brake":0,"gear":5,"steering":0.0}
{"timestamp":3.350,"speed":267.5,"rpm":35437,"throttle":100,"brake":0,"gear":5,"steering":0.0}
{"timestamp":3.400,"speed":270.0,"rpm":35750,"throttle":100,"brake":0,"gear":5,"steering":0.0}
{"timestamp":3.450,"speed":272.5,"rpm":36062,"throttle":100,"brake":0,"gear":5,"steering":0.0}
{"timestamp":3.500,"speed":275.0,"rpm":36375,"throttle":100,"brake":0,"gear":5,"steering":0.0}
{"timestamp":3.550,"speed":277.5,"rpm":43625,"throttle":100,"brake":0,"gear":6,"steering":0.0}
{"timestamp":3.600,"speed":280.0,"rpm":44000,"throttle":100,"brake":0,"gear":6,"steering":0.0}
{"timestamp":3.650,"speed":282.5,"rpm":44375,"throttle":100,"brake":0,"gear":6,"steering":0.0}
{"timestamp":3.700,"speed":285.0,"rpm":44750,"throttle":100,"brake":0,"gear":6,"steering":0.0}
{"timestamp":3.750,"speed":287.5,"rpm":45125,"throttle":100,"brake":0,"gear":6,"steering":0.0}
{"timestamp":3.800,"speed":290.0,"rpm":45500,"throttle":100,"brake":0,"gear":6,"steering":0.0}
{"timestamp":3.850,"speed":292.5,"rpm":45875,"throttle":100,"brake":0,"gear":6,"steering":0.0}
{"timestamp":3.900,"speed":295.0,"rpm":46250,"throttle":100,"brake":0,"gear":6,"steering":0.0}
{"timestamp":3.950,"speed":297.5,"rpm":46625,"throttle":100,"brake":0,"gear":6,"steering":0.0}
{"timestamp":4.000,"speed":300.0,"rpm":47000,"throttle":100,"brake":0,"gear":6,"steering":0.0}
{"timestamp":4.050,"speed":301.5,"rpm":47225,"throttle":100,"brake":0,"gear":6,"steering":0.0}
{"timestamp":4.100,"speed":303.0,"rpm":47450,"throttle":100,"brake":0,"gear":6,"steering":0.0}
{"timestamp":4.150,"speed":304.5,"rpm":47675,"throttle":100,"brake":0,"gear":6,"steering":0.0}
{"timestamp":4.200,"speed":306.0,"rpm":47900,"throttle":100,"brake":0,"gear":6,"steering":0.0}
{"timestamp":4.250,"speed":307.5,"rpm":48125,"throttle":100,"brake":0,"gear":6,"steering":0.0}
{"timestamp":4.300,"speed":309.0,"rpm":48350,"throttle":100,"brake":0,"gear":6,"steering":0.0}
{"timestamp":4.350,"speed":310.5,"rpm":48575,"throttle":100,"brake":0,"gear":6,"steering":0.0}
{"timestamp":4.400,"speed":312.0,"rpm":48800,"throttle":100,"brake":0,"gear":6,"steering":0.0}
{"timestamp":4.450,"speed":313.5,"rpm":49025,"throttle":100,"brake":0,"gear":6,"steering":0.0}
{"timestamp":4.500,"speed":315.0,"rpm":49250,"throttle":100,"brake":0,"gear":6,"steering":0.0}
{"timestamp":4.550,"speed":316.5,"rpm":57387,"throttle":100,"brake":0,"gear":7,"steering":0.0}
{"timestamp":4.600,"speed":318.0,"rpm":57650,"throttle":100,"brake":0,"gear":7,"steering":0.0}
{"timestamp":4.650,"speed":319.5,"rpm":57912,"throttle":100,"brake":0,"gear":7,"steering":0.0}
{"timestamp":4.700,"speed":321.0,"rpm":58175,"throttle":100,"brake":0,"gear":7,"steering":0.0}
{"timestamp":4.750,"speed":322.5,"rpm":58437,"throttle":100,"brake":0,"gear":7,"steering":0.0}
{"timestamp":4.800,"speed":324.0,"rpm":58700,"throttle":100,"brake":0,"gear":7,"steering":0.0}
{"timestamp":4.850,"speed":325.5,"rpm":58962,"throttle":100,"brake":0,"gear":7,"steering":0.0}
{"timestamp":4.900,"speed":327.0,"rpm":59225,"throttle":100,"brake":0,"gear":7,"steering":0.0}
{"timestamp":4.950,"speed":328.5,"rpm":59487,"throttle":100,"brake":0,"gear":7,"steering":0.0}
{"timestamp":5.000,"speed":330.0,"rpm":59750,"throttle":100,"brake":0,"gear":7,"steering":0.0}
{"timestamp":5.050,"speed":330.5,"rpm":59837,"throttle":100,"brake":0,"gear":7,"steering":0.0}
{"timestamp":5.100,"speed":331.0,"rpm":59925,"throttle":100,"brake":0,"gear":7,"steering":0.0}
{"timestamp":5.150,"speed":331.5,"rpm":60012,"throttle":100,"brake":0,"gear":7,"steering":0.0}
{"timestamp":5.200,"speed":332.0,"rpm":60100,"throttle":100,"brake":0,"gear":7,"steering":0.0}
{"timestamp":5.250,"speed":332.5,"rpm":60187,"throttle":100,"brake":0,"gear":7,"steering":0.0}
{"timestamp":5.300,"speed":333.0,"rpm":60275,"throttle":100,"brake":0,"gear":7,"steering":0.0}
{"timestamp":5.350,"speed":333.5,"rpm":60362,"throttle":100,"brake":0,"gear":7,"steering":0.0}
{"timestamp":5.400,"speed":334.0,"rpm":60450,"throttle":100,"brake":0,"gear":7,"steering":0.0}
{"timestamp":5.450,"speed":334.5,"rpm":60537,"throttle":100,"brake":0,"gear":7,"steering":0.0}
{"timestamp":5.500,"speed":335.0,"rpm":60625,"throttle":100,"brake":0,"gear":7,"steering":0.0}
{"timestamp":5.550,"speed":335.5,"rpm":60712,"throttle":100,"brake":0,"gear":7,"steering":0.0}
{"timestamp":5.600,"speed":336.0,"rpm":60800,"throttle":100,"brake":0,"gear":7,"steering":0.0}
{"timestamp":5.650,"speed":336.5,"rpm":60887,"throttle":100,"brake":0,"gear":7,"steering":0.0}
{"timestamp":5.700,"speed":337.0,"rpm":60975,"throttle":100,"brake":0,"gear":7,"steering":0.0}
{"timestamp":5.750,"speed":337.5,"rpm":61062,"throttle":100,"brake":0,"gear":7,"steering":0.0}
{"timestamp":5.800,"speed":338.0,"rpm":61150,"throttle":100,"brake":0,"gear":7,"steering":0.0}
{"timestamp":5.850,"speed":338.5,"rpm":61237,"throttle":100,"brake":0,"gear":7,"steering":0.0}
{"timestamp":5.900,"speed":339.0,"rpm":61325,"throttle":100,"brake":0,"gear":7,"steering":0.0}
{"timestamp":5.950,"speed":339.5,"rpm":61412,"throttle":100,"brake":0,"gear":7,"steering":0.0}
{"timestamp":6.000,"speed":340.0,"rpm":61500,"throttle":100,"brake":0,"gear":7,"steering":0.0}
{"timestamp":6.050,"speed":340.0,"rpm":61500,"throttle":99,"brake":0,"gear":7,"steering":0.0}
{"timestamp":6.100,"speed":340.0,"rpm":61500,"throttle":98,"brake":0,"gear":7,"steering":0.0}
{"timestamp":6.150,"speed":340.0,"rpm":61500,"throttle":97,"brake":0,"gear":7,"steering":0.0}
{"timestamp":6.200,"speed":340.0,"rpm":61500,"throttle":96,"brake":0,"gear":7,"steering":0.0}
{"timestamp":6.250,"speed":340.0,"rpm":61500,"throttle":95,"brake":0,"gear":7,"steering":0.0}
{"timestamp":6.300,"speed":340.0,"rpm":61500,"throttle":94,"brake":0,"gear":7,"steering":0.0}
{"timestamp":6.350,"speed":340.0,"rpm":61500,"throttle":93,"brake":0,"gear":7,"steering":0.0}
{"timestamp":6.400,"speed":340.0,"rpm":61500,"throttle":92,"brake":0,"gear":7,"steering":0.0}
{"timestamp":6.450,"speed":340.0,"rpm":61500,"throttle":91,"brake":0,"gear":7,"steering":0.0}
{"timestamp":6.500,"speed":340.0,"rpm":61500,"throttle":90,"brake":0,"gear":7,"steering":0.0}
{"timestamp":6.550,"speed":340.0,"rpm":61500,"throttle":89,"brake":0,"gear":7,"steering":0.0}
{"timestamp":6.600,"speed":340.0,"rpm":61500,"throttle":88,"brake":0,"gear":7,"steering":0.0}
{"timestamp":6.650,"speed":340.0,"rpm":61500,"throttle":87,"brake":0,"gear":7,"steering":0.0}
{"timestamp":6.700,"speed":340.0,"rpm":61500,"throttle":86,"brake":0,"gear":7,"steering":0.0}
{"timestamp":6.750,"speed":340.0,"rpm":61500,"throttle":85,"brake":0,"gear":7,"steering":0.0}
{"timestamp":6.800,"speed":340.0,"rpm":61500,"throttle":84,"brake":0,"gear":7,"steering":0.0}
{"timestamp":6.850,"speed":340.0,"rpm":61500,"throttle":83,"brake":0,"gear":7,"steering":0.0}
{"timestamp":6.900,"speed":340.0,"rpm":61500,"throttle":82,"brake":0,"gear":7,"steering":0.0}
{"timestamp":6.950,"speed":340.0,"rpm":61500,"throttle":81,"brake":0,"gear":7,"steering":0.0}
{"timestamp":7.000,"speed":340.0,"rpm":61500,"throttle":80,"brake":0,"gear":7,"steering":0.0}
{"timestamp":7.050,"speed":337.0,"rpm":60975,"throttle":76,"brake":5,"gear":7,"steering":-1.2}
{"timestamp":7.100,"speed":334.0,"rpm":60450,"throttle":72,"brake":10,"gear":7,"steering":-2.5}
{"timestamp":7.150,"speed":331.0,"rpm":59925,"throttle":68,"brake":15,"gear":7,"steering":-3.7}
{"timestamp":7.200,"speed":328.0,"rpm":59400,"throttle":64,"brake":20,"gear":7,"steering":-5.0}
{"timestamp":7.250,"speed":325.0,"rpm":58875,"throttle":60,"brake":25,"gear":7,"steering":-6.2}
{"timestamp":7.300,"speed":322.0,"rpm":58350,"throttle":56,"brake":30,"gear":7,"steering":-7.5}
{"timestamp":7.350,"speed":319.0,"rpm":57825,"throttle":52,"brake":35,"gear":7,"steering":-8.7}
{"timestamp":7.400,"speed":316.0,"rpm":57300,"throttle":48,"brake":40,"gear":7,"steering":-10.0}
{"timestamp":7.450,"speed":313.0,"rpm":56775,"throttle":44,"brake":45,"gear":7,"steering":-11.2}
{"timestamp":7.500,"speed":310.0,"rpm":56250,"throttle":40,"brake":50,"gear":7,"steering":-12.5}
{"timestamp":7.550,"speed":307.0,"rpm":48050,"throttle":36,"brake":55,"gear":6,"steering":-13.7}
{"timestamp":7.600,"speed":304.0,"rpm":47600,"throttle":32,"brake":60,"gear":6,"steering":-15.0}
{"timestamp":7.650,"speed":301.0,"rpm":47150,"throttle":28,"brake":65,"gear":6,"steering":-16.2}
{"timestamp":7.700,"speed":298.0,"rpm":46700,"throttle":24,"brake":70,"gear":6,"steering":-17.5}
{"timestamp":7.750,"speed":295.0,"rpm":46250,"throttle":20,"brake":75,"gear":6,"steering":-18.7}
{"timestamp":7.800,"speed":292.0,"rpm":45800,"throttle":16,"brake":80,"gear":6,"steering":-20.0}
{"timestamp":7.850,"speed":289.0,"rpm":45350,"throttle":12,"brake":85,"gear":6,"steering":-21.2}
{"timestamp":7.900,"speed":286.0,"rpm":44900,"throttle":8,"brake":90,"gear":6,"steering":-22.5}
{"timestamp":7.950,"speed":283.0,"rpm":44450,"throttle":4,"brake":95,"gear":6,"steering":-23.7}
{"timestamp":8.000,"speed":280.0,"rpm":44000,"throttle":0,"brake":100,"gear":6,"steering":-25.0}
{"timestamp":8.050,"speed":273.5,"rpm":43025,"throttle":0,"brake":100,"gear":6,"steering":-25.7}
{"timestamp":8.100,"speed":267.0,"rpm":42050,"throttle":0,"brake":100,"gear":6,"steering":-26.5}
{"timestamp":8.150,"speed":260.5,"rpm":41075,"throttle":0,"brake":100,"gear":6,"steering":-27.2}
{"timestamp":8.200,"speed":254.0,"rpm":40100,"throttle":0,"brake":100,"gear":6,"steering":-28.0}
{"timestamp":8.250,"speed":247.5,"rpm":39125,"throttle":0,"brake":100,"gear":6,"steering":-28.7}
{"timestamp":8.300,"speed":241.0,"rpm":32125,"throttle":0,"brake":100,"gear":5,"steering":-29.5}
{"timestamp":8.350,"speed":234.5,"rpm":31313,"throttle":0,"brake":100,"gear":5,"steering":-30.2}
{"timestamp":8.400,"speed":228.0,"rpm":30500,"throttle":0,"brake":100,"gear":5,"steering":-31.0}
{"timestamp":8.450,"speed":221.5,"rpm":29688,"throttle":0,"brake":100,"gear":5,"steering":-31.7}
{"timestamp":8.500,"speed":215.0,"rpm":28875,"throttle":0,"brake":100,"gear":5,"steering":-32.5}
{"timestamp":8.550,"speed":208.5,"rpm":28063,"throttle":0,"brake":100,"gear":5,"steering":-33.2}
{"timestamp":8.600,"speed":202.0,"rpm":27250,"throttle":0,"brake":100,"gear":5,"steering":-34.0}
{"timestamp":8.650,"speed":195.5,"rpm":26438,"throttle":0,"brake":100,"gear":5,"steering":-34.7}
{"timestamp":8.700,"speed":189.0,"rpm":25625,"throttle":0,"brake":100,"gear":5,"steering":-35.5}
{"timestamp":8.750,"speed":182.5,"rpm":24813,"throttle":0,"brake":100,"gear":5,"steering":-36.2}
{"timestamp":8.800,"speed":176.0,"rpm":19600,"throttle":0,"brake":100,"gear":4,"steering":-37.0}
{"timestamp":8.850,"speed":169.5,"rpm":18950,"throttle":0,"brake":100,"gear":4,"steering":-37.7}
{"timestamp":8.900,"speed":163.0,"rpm":18300,"throttle":0,"brake":100,"gear":4,"steering":-38.5}
{"timestamp":8.950,"speed":156.5,"rpm":17650,"throttle":0,"brake":100,"gear":4,"steering":-39.2}
{"timestamp":9.000,"speed":150.0,"rpm":17000,"throttle":0,"brake":100,"gear":4,"steering":-40.0}
{"timestamp":9.050,"speed":147.5,"rpm":16750,"throttle":2,"brake":97,"gear":4,"steering":-39.5}
{"timestamp":9.100,"speed":145.0,"rpm":16500,"throttle":5,"brake":93,"gear":4,"steering":-39.0}
{"timestamp":9.150,"speed":142.5,"rpm":16250,"throttle":7,"brake":90,"gear":4,"steering":-38.5}
{"timestamp":9.200,"speed":140.0,"rpm":16000,"throttle":10,"brake":86,"gear":4,"steering":-38.0}
{"timestamp":9.250,"speed":137.5,"rpm":15750,"throttle":12,"brake":83,"gear":4,"steering":-37.5}
{"timestamp":9.300,"speed":135.0,"rpm":15500,"throttle":15,"brake":79,"gear":4,"steering":-37.0}
{"timestamp":9.350,"speed":132.5,"rpm":15250,"throttle":17,"brake":76,"gear":4,"steering":-36.5}
{"timestamp":9.400,"speed":130.0,"rpm":15000,"throttle":20,"brake":72,"gear":4,"steering":-36.0}
{"timestamp":9.450,"speed":127.5,"rpm":14750,"throttle":22,"brake":69,"gear":4,"steering":-35.5}
{"timestamp":9.500,"speed":125.0,"rpm":14500,"throttle":25,"brake":65,"gear":4,"steering":-35.0}
{"timestamp":9.550,"speed":122.5,"rpm":11187,"throttle":28,"brake":61,"gear":3,"steering":-34.5}
{"timestamp":9.600,"speed":120.0,"rpm":11000,"throttle":30,"brake":58,"gear":3,"steering":-34.0}
{"timestamp":9.650,"speed":117.5,"rpm":10812,"throttle":33,"brake":54,"gear":3,"steering":-33.5}
{"timestamp":9.700,"speed":115.0,"rpm":10625,"throttle":35,"brake":51,"gear":3,"steering":-33.0}
{"timestamp":9.750,"speed":112.5,"rpm":10437,"throttle":38,"brake":47,"gear":3,"steering":-32.5}
{"timestamp":9.800,"speed":110.0,"rpm":10250,"throttle":40,"brake":44,"gear":3,"steering":-32.0}
{"timestamp":9.850,"speed":107.5,"rpm":10062,"throttle":43,"brake":40,"gear":3,"steering":-31.5}
{"timestamp":9.900,"speed":105.0,"rpm":9875,"throttle":45,"brake":37,"gear":3,"steering":-31.0}
{"timestamp":9.950,"speed":102.5,"rpm":9687,"throttle":48,"brake":33,"gear":3,"steering":-30.5}
{"timestamp":10.000,"speed":100.0,"rpm":9500,"throttle":50,"brake":30,"gear":3,"steering":-30.0}
{"timestamp":10.050,"speed":101.5,"rpm":9613,"throttle":53,"brake":28,"gear":3,"steering":-28.5}
{"timestamp":10.100,"speed":103.0,"rpm":9725,"throttle":55,"brake":27,"gear":3,"steering":-27.0}
{"timestamp":10.150,"speed":104.5,"rpm":9838,"throttle":58,"brake":25,"gear":3,"steering":-25.5}
{"timestamp":10.200,"speed":106.0,"rpm":9950,"throttle":60,"brake":24,"gear":3,"steering":-24.0}
{"timestamp":10.250,"speed":107.5,"rpm":10063,"throttle":63,"brake":22,"gear":3,"steering":-22.5}
{"timestamp":10.300,"speed":109.0,"rpm":10175,"throttle":65,"brake":21,"gear":3,"steering":-21.0}
{"timestamp":10.350,"speed":110.5,"rpm":10288,"throttle":68,"brake":19,"gear":3,"steering":-19.5}
{"timestamp":10.400,"speed":112.0,"rpm":10400,"throttle":70,"brake":18,"gear":3,"steering":-18.0}
{"timestamp":10.450,"speed":113.5,"rpm":10513,"throttle":73,"brake":16,"gear":3,"steering":-16.5}
{"timestamp":10.500,"speed":115.0,"rpm":13500,"throttle":75,"brake":15,"gear":4,"steering":-15.0}
{"timestamp":10.550,"speed":116.5,"rpm":13650,"throttle":78,"brake":13,"gear":4,"steering":-13.5}
{"timestamp":10.600,"speed":118.0,"rpm":13800,"throttle":80,"brake":12,"gear":4,"steering":-12.0}
{"timestamp":10.650,"speed":119.5,"rpm":13950,"throttle":83,"brake":10,"gear":4,"steering":-10.5}
{"timestamp":10.700,"speed":121.0,"rpm":14100,"throttle":85,"brake":9,"gear":4,"steering":-9.0}
{"timestamp":10.750,"speed":122.5,"rpm":14250,"throttle":88,"brake":7,"gear":4,"steering":-7.5}
{"timestamp":10.800,"speed":124.0,"rpm":14400,"throttle":90,"brake":6,"gear":4,"steering":-6.0}
{"timestamp":10.850,"speed":125.5,"rpm":14550,"throttle":93,"brake":4,"gear":4,"steering":-4.5}
{"timestamp":10.900,"speed":127.0,"rpm":14700,"throttle":95,"brake":3,"gear":4,"steering":-3.0}
{"timestamp":10.950,"speed":128.5,"rpm":14850,"throttle":98,"brake":1,"gear":4,"steering":-1.5}
{"timestamp":11.000,"speed":130.0,"rpm":15000,"throttle":100,"brake":0,"gear":4,"steering":0.0}
{"timestamp":11.050,"speed":132.3,"rpm":15225,"throttle":100,"brake":0,"gear":4,"steering":0.0}
{"timestamp":11.100,"speed":134.5,"rpm":15450,"throttle":100,"brake":0,"gear":4,"steering":0.0}
{"timestamp":11.150,"speed":136.8,"rpm":15675,"throttle":100,"brake":0,"gear":4,"steering":0.0}
{"timestamp":11.200,"speed":139.0,"rpm":15900,"throttle":100,"brake":0,"gear":4,"steering":0.0}
{"timestamp":11.250,"speed":141.3,"rpm":16125,"throttle":100,"brake":0,"gear":4,"steering":0.0}
{"timestamp":11.300,"speed":143.5,"rpm":16350,"throttle":100,"brake":0,"gear":4,"steering":0.0}
{"timestamp":11.350,"speed":145.8,"rpm":16575,"throttle":100,"brake":0,"gear":4,"steering":0.0}
{"timestamp":11.400,"speed":148.0,"rpm":16800,"throttle":100,"brake":0,"gear":4,"steering":0.0}
{"timestamp":11.450,"speed":150.3,"rpm":17025,"throttle":100,"brake":0,"gear":4,"steering":0.0}
{"timestamp":11.500,"speed":152.5,"rpm":17250,"throttle":100,"brake":0,"gear":4,"steering":0.0}
{"timestamp":11.550,"speed":154.8,"rpm":17475,"throttle":100,"brake":0,"gear":4,"steering":0.0}
{"timestamp":11.600,"speed":157.0,"rpm":17700,"throttle":100,"brake":0,"gear":4,"steering":0.0}
{"timestamp":11.650,"speed":159.3,"rpm":17925,"throttle":100,"brake":0,"gear":4,"steering":0.0}
{"timestamp":11.700,"speed":161.5,"rpm":18150,"throttle":100,"brake":0,"gear":4,"steering":0.0}
{"timestamp":11.750,"speed":163.8,"rpm":18375,"throttle":100,"brake":0,"gear":4,"steering":0.0}
{"timestamp":11.800,"speed":166.0,"rpm":18600,"throttle":100,"brake":0,"gear":4,"steering":0.0}
{"timestamp":11.850,"speed":168.3,"rpm":18825,"throttle":100,"brake":0,"gear":4,"steering":0.0}
{"timestamp":11.900,"speed":170.5,"rpm":19050,"throttle":100,"brake":0,"gear":4,"steering":0.0}
{"timestamp":11.950,"speed":172.8,"rpm":19275,"throttle":100,"brake":0,"gear":4,"steering":0.0}
{"timestamp":12.000,"speed":175.0,"rpm":23875,"throttle":100,"brake":0,"gear":5,"steering":0.0}
{"timestamp":12.050,"speed":177.3,"rpm":24156,"throttle":100,"brake":0,"gear":5,"steering":0.0}
{"timestamp":12.100,"speed":179.5,"rpm":24438,"throttle":100,"brake":0,"gear":5,"steering":0.0}
{"timestamp":12.150,"speed":181.8,"rpm":24719,"throttle":100,"brake":0,"gear":5,"steering":0.0}
{"timestamp":12.200,"speed":184.0,"rpm":25000,"throttle":100,"brake":0,"gear":5,"steering":0.0}
{"timestamp":12.250,"speed":186.3,"rpm":25281,"throttle":100,"brake":0,"gear":5,"steering":0.0}
{"timestamp":12.300,"speed":188.5,"rpm":25563,"throttle":100,"brake":0,"gear":5,"steering":0.0}
{"timestamp":12.350,"speed":190.8,"rpm":25844,"throttle":100,"brake":0,"gear":5,"steering":0.0}
{"timestamp":12.400,"speed":193.0,"rpm":26125,"throttle":100,"brake":0,"gear":5,"steering":0.0}
{"timestamp":12.450,"speed":195.3,"rpm":26406,"throttle":100,"brake":0,"gear":5,"steering":0.0}
{"timestamp":12.500,"speed":197.5,"rpm":26688,"throttle":100,"brake":0,"gear":5,"steering":0.0}
{"timestamp":12.550,"speed":199.8,"rpm":26969,"throttle":100,"brake":0,"gear":5,"steering":0.0}
{"timestamp":12.600,"speed":202.0,"rpm":27250,"throttle":100,"brake":0,"gear":5,"steering":0.0}
{"timestamp":12.650,"speed":204.3,"rpm":27531,"throttle":100,"brake":0,"gear":5,"steering":0.0}
{"timestamp":12.700,"speed":206.5,"rpm":27813,"throttle":100,"brake":0,"gear":5,"steering":0.0}
{"timestamp":12.750,"speed":208.8,"rpm":28094,"throttle":100,"brake":0,"gear":5,"steering":0.0}
{"timestamp":12.800,"speed":211.0,"rpm":28375,"throttle":100,"brake":0,"gear":5,"steering":0.0}
{"timestamp":12.850,"speed":213.3,"rpm":28656,"throttle":100,"brake":0,"gear":5,"steering":0.0}
{"timestamp":12.900,"speed":215.5,"rpm":28938,"throttle":100,"brake":0,"gear":5,"steering":0.0}
{"timestamp":12.950,"speed":217.8,"rpm":29219,"throttle":100,"brake":0,"gear":5,"steering":0.0}
{"timestamp":13.000,"speed":220.0,"rpm":29500,"throttle":100,"brake":0,"gear":5,"steering":0.0}
{"timestamp":13.050,"speed":222.0,"rpm":29750,"throttle":100,"brake":0,"gear":5,"steering":0.0}
{"timestamp":13.100,"speed":224.0,"rpm":30000,"throttle":100,"brake":0,"gear":5,"steering":0.0}
{"timestamp":13.150,"speed":226.0,"rpm":30250,"throttle":100,"brake":0,"gear":5,"steering":0.0}
{"timestamp":13.200,"speed":228.0,"rpm":30500,"throttle":100,"brake":0,"gear":5,"steering":0.0}
{"timestamp":13.250,"speed":230.0,"rpm":30750,"throttle":100,"brake":0,"gear":5,"steering":0.0}
{"timestamp":13.300,"speed":232.0,"rpm":31000,"throttle":100,"brake":0,"gear":5,"steering":0.0}
{"timestamp":13.350,"speed":234.0,"rpm":31250,"throttle":100,"brake":0,"gear":5,"steering":0.0}
{"timestamp":13.400,"speed":236.0,"rpm":31500,"throttle":100,"brake":0,"gear":5,"steering":0.0}
{"timestamp":13.450,"speed":238.0,"rpm":31750,"throttle":100,"brake":0,"gear":5,"steering":0.0}
{"timestamp":13.500,"speed":240.0,"rpm":38000,"throttle":100,"brake":0,"gear":6,"steering":0.0}
{"timestamp":13.550,"speed":242.0,"rpm":38300,"throttle":100,"brake":0,"gear":6,"steering":0.0}
{"timestamp":13.600,"speed":244.0,"rpm":38600,"throttle":100,"brake":0,"gear":6,"steering":0.0}
{"timestamp":13.650,"speed":246.0,"rpm":38900,"throttle":100,"brake":0,"gear":6,"steering":0.0}
{"timestamp":13.700,"speed":248.0,"rpm":39200,"throttle":100,"brake":0,"gear":6,"steering":0.0}
{"timestamp":13.750,"speed":250.0,"rpm":39500,"throttle":100,"brake":0,"gear":6,"steering":0.0}
{"timestamp":13.800,"speed":252.0,"rpm":39800,"throttle":100,"brake":0,"gear":6,"steering":0.0}
{"timestamp":13.850,"speed":254.0,"rpm":40100,"throttle":100,"brake":0,"gear":6,"steering":0.0}
{"timestamp":13.900,"speed":256.0,"rpm":40400,"throttle":100,"brake":0,"gear":6,"steering":0.0}
{"timestamp":13.950,"speed":258.0,"rpm":40700,"throttle":100,"brake":0,"gear":6,"steering":0.0}
{"timestamp":14.000,"speed":260.0,"rpm":41000,"throttle":100,"brake":0,"gear":6,"steering":0.0}
{"timestamp":14.050,"speed":262.0,"rpm":41300,"throttle":100,"brake":0,"gear":6,"steering":0.0}
{"timestamp":14.100,"speed":264.0,"rpm":41600,"throttle":100,"brake":0,"gear":6,"steering":0.0}
{"timestamp":14.150,"speed":266.0,"rpm":41900,"throttle":100,"brake":0,"gear":6,"steering":0.0}
{"timestamp":14.200,"speed":268.0,"rpm":42200,"throttle":100,"brake":0,"gear":6,"steering":0.0}
{"timestamp":14.250,"speed":270.0,"rpm":42500,"throttle":100,"brake":0,"gear":6,"steering":0.0}
{"timestamp":14.300,"speed":272.0,"rpm":42800,"throttle":100,"brake":0,"gear":6,"steering":0.0}
{"timestamp":14.350,"speed":274.0,"rpm":43100,"throttle":100,"brake":0,"gear":6,"steering":0.0}
{"timestamp":14.400,"speed":276.0,"rpm":43400,"throttle":100,"brake":0,"gear":6,"steering":0.0}
{"timestamp":14.450,"speed":278.0,"rpm":43700,"throttle":100,"brake":0,"gear":6,"steering":0.0}
{"timestamp":14.500,"speed":280.0,"rpm":51000,"throttle":100,"brake":0,"gear":7,"steering":0.0}
{"timestamp":14.550,"speed":282.0,"rpm":51350,"throttle":100,"brake":0,"gear":7,"steering":0.0}
{"timestamp":14.600,"speed":284.0,"rpm":51700,"throttle":100,"brake":0,"gear":7,"steering":0.0}
{"timestamp":14.650,"speed":286.0,"rpm":52050,"throttle":100,"brake":0,"gear":7,"steering":0.0}
{"timestamp":14.700,"speed":288.0,"rpm":52400,"throttle":100,"brake":0,"gear":7,"steering":0.0}
{"timestamp":14.750,"speed":290.0,"rpm":52750,"throttle":100,"brake":0,"gear":7,"steering":0.0}
{"timestamp":14.800,"speed":292.0,"rpm":53100,"throttle":100,"brake":0,"gear":7,"steering":0.0}
{"timestamp":14.850,"speed":294.0,"rpm":53450,"throttle":100,"brake":0,"gear":7,"steering":0.0}
{"timestamp":14.900,"speed":296.0,"rpm":53800,"throttle":100,"brake":0,"gear":7,"steering":0.0}
{"timestamp":14.950,"speed":298.0,"rpm":54150,"throttle":100,"brake":0,"gear":7,"steering":0.0}
{"timestamp":15.000,"speed":300.0,"rpm":54500,"throttle":100,"brake":0,"gear":7,"steering":0.0}
{"timestamp":15.050,"speed":301.0,"rpm":54675,"throttle":100,"brake":0,"gear":7,"steering":0.0}
{"timestamp":15.100,"speed":302.0,"rpm":54850,"throttle":100,"brake":0,"gear":7,"steering":0.0}
{"timestamp":15.150,"speed":303.0,"rpm":55025,"throttle":100,"brake":0,"gear":7,"steering":0.0}
{"timestamp":15.200,"speed":304.0,"rpm":55200,"throttle":100,"brake":0,"gear":7,"steering":0.0}
{"timestamp":15.250,"speed":305.0,"rpm":55375,"throttle":100,"brake":0,"gear":7,"steering":0.0}
{"timestamp":15.300,"speed":306.0,"rpm":55550,"throttle":100,"brake":0,"gear":7,"steering":0.0}
{"timestamp":15.350,"speed":307.0,"rpm":55725,"throttle":100,"brake":0,"gear":7,"steering":0.0}
{"timestamp":15.400,"speed":308.0,"rpm":55900,"throttle":100,"brake":0,"gear":7,"steering":0.0}
{"timestamp":15.450,"speed":309.0,"rpm":56075,"throttle":100,"brake":0,"gear":7,"steering":0.0}
{"timestamp":15.500,"speed":310.0,"rpm":56250,"throttle":100,"brake":0,"gear":7,"steering":0.0}
{"timestamp":15.550,"speed":311.0,"rpm":56425,"throttle":100,"brake":0,"gear":7,"steering":0.0}
{"timestamp":15.600,"speed":312.0,"rpm":56600,"throttle":100,"brake":0,"gear":7,"steering":0.0}
{"timestamp":15.650,"speed":313.0,"rpm":56775,"throttle":100,"brake":0,"gear":7,"steering":0.0}
{"timestamp":15.700,"speed":314.0,"rpm":56950,"throttle":100,"brake":0,"gear":7,"steering":0.0}
{"timestamp":15.750,"speed":315.0,"rpm":57125,"throttle":100,"brake":0,"gear":7,"steering":0.0}
{"timestamp":15.800,"speed":316.0,"rpm":57300,"throttle":100,"brake":0,"gear":7,"steering":0.0}
{"timestamp":15.850,"speed":317.0,"rpm":57475,"throttle":100,"brake":0,"gear":7,"steering":0.0}
{"timestamp":15.900,"speed":318.0,"rpm":57650,"throttle":100,"brake":0,"gear":7,"steering":0.0}
{"timestamp":15.950,"speed":319.0,"rpm":57825,"throttle":100,"brake":0,"gear":7,"steering":0.0}
{"timestamp":16.000,"speed":320.0,"rpm":58000,"throttle":100,"brake":0,"gear":7,"steering":0.0}
{"timestamp":16.050,"speed":321.0,"rpm":58175,"throttle":100,"brake":0,"gear":7,"steering":0.0}
{"timestamp":16.100,"speed":322.0,"rpm":58350,"throttle":100,"brake":0,"gear":7,"steering":0.0}
{"timestamp":16.150,"speed":323.0,"rpm":58525,"throttle":100,"brake":0,"gear":7,"steering":0.0}
{"timestamp":16.200,"speed":324.0,"rpm":58700,"throttle":100,"brake":0,"gear":7,"steering":0.0}
{"timestamp":16.250,"speed":325.0,"rpm":58875,"throttle":100,"brake":0,"gear":7,"steering":0.0}
{"timestamp":16.300,"speed":326.0,"rpm":59050,"throttle":100,"brake":0,"gear":7,"steering":0.0}
{"timestamp":16.350,"speed":327.0,"rpm":59225,"throttle":100,"brake":0,"gear":7,"steering":0.0}
{"timestamp":16.400,"speed":328.0,"rpm":59400,"throttle":100,"brake":0,"gear":7,"steering":0.0}
{"timestamp":16.450,"speed":329.0,"rpm":59575,"throttle":100,"brake":0,"gear":7,"steering":0.0}
{"timestamp":16.500,"speed":330.0,"rpm":59750,"throttle":100,"brake":0,"gear":7,"steering":0.0}
{"timestamp":16.550,"speed":331.0,"rpm":59925,"throttle":100,"brake":0,"gear":7,"steering":0.0}
{"timestamp":16.600,"speed":332.0,"rpm":60100,"throttle":100,"brake":0,"gear":7,"steering":0.0}
{"timestamp":16.650,"speed":333.0,"rpm":60275,"throttle":100,"brake":0,"gear":7,"steering":0.0}
{"timestamp":16.700,"speed":334.0,"rpm":60450,"throttle":100,"brake":0,"gear":7,"steering":0.0}
{"timestamp":16.750,"speed":335.0,"rpm":60625,"throttle":100,"brake":0,"gear":7,"steering":0.0}
{"timestamp":16.800,"speed":336.0,"rpm":60800,"throttle":100,"brake":0,"gear":7,"steering":0.0}
{"timestamp":16.850,"speed":337.0,"rpm":60975,"throttle":100,"brake":0,"gear":7,"steering":0.0}
{"timestamp":16.900,"speed":338.0,"rpm":61150,"throttle":100,"brake":0,"gear":7,"steering":0.0}
{"timestamp":16.950,"speed":339.0,"rpm":61325,"throttle":100,"brake":0,"gear":7,"steering":0.0}
{"timestamp":17.000,"speed":340.0,"rpm":61500,"throttle":100,"brake":0,"gear":7,"steering":-0.0}
{"timestamp":17.050,"speed":340.0,"rpm":61500,"throttle":99,"brake":0,"gear":7,"steering":-0.3}
{"timestamp":17.100,"speed":340.0,"rpm":61500,"throttle":98,"brake":0,"gear":7,"steering":-0.5}
{"timestamp":17.150,"speed":340.0,"rpm":61500,"throttle":98,"brake":0,"gear":7,"steering":-0.8}
{"timestamp":17.200,"speed":340.0,"rpm":61500,"throttle":97,"brake":0,"gear":7,"steering":-1.0}
{"timestamp":17.250,"speed":340.0,"rpm":61500,"throttle":96,"brake":0,"gear":7,"steering":-1.3}
{"timestamp":17.300,"speed":340.0,"rpm":61500,"throttle":95,"brake":0,"gear":7,"steering":-1.5}
{"timestamp":17.350,"speed":340.0,"rpm":61500,"throttle":95,"brake":0,"gear":7,"steering":-1.8}
{"timestamp":17.400,"speed":340.0,"rpm":61500,"throttle":94,"brake":0,"gear":7,"steering":-2.0}
{"timestamp":17.450,"speed":340.0,"rpm":61500,"throttle":93,"brake":0,"gear":7,"steering":-2.3}
{"timestamp":17.500,"speed":340.0,"rpm":61500,"throttle":92,"brake":0,"gear":7,"steering":-2.5}
{"timestamp":17.550,"speed":340.0,"rpm":61500,"throttle":92,"brake":0,"gear":7,"steering":-2.8}
{"timestamp":17.600,"speed":340.0,"rpm":61500,"throttle":91,"brake":0,"gear":7,"steering":-3.0}
{"timestamp":17.650,"speed":340.0,"rpm":61500,"throttle":90,"brake":0,"gear":7,"steering":-3.3}
{"timestamp":17.700,"speed":340.0,"rpm":61500,"throttle":89,"brake":0,"gear":7,"steering":-3.5}
{"timestamp":17.750,"speed":340.0,"rpm":61500,"throttle":89,"brake":0,"gear":7,"steering":-3.8}
{"timestamp":17.800,"speed":340.0,"rpm":61500,"throttle":88,"brake":0,"gear":7,"steering":-4.0}
{"timestamp":17.850,"speed":340.0,"rpm":61500,"throttle":87,"brake":0,"gear":7,"steering":-4.3}
{"timestamp":17.900,"speed":340.0,"rpm":61500,"throttle":86,"brake":0,"gear":7,"steering":-4.5}
{"timestamp":17.950,"speed":340.0,"rpm":61500,"throttle":86,"brake":0,"gear":7,"steering":-4.8}
{"timestamp":18.000,"speed":340.0,"rpm":61500,"throttle":85,"brake":0,"gear":7,"steering":-5.0}
{"timestamp":18.050,"speed":340.0,"rpm":61500,"throttle":84,"brake":0,"gear":7,"steering":-5.3}
{"timestamp":18.100,"speed":340.0,"rpm":61500,"throttle":83,"brake":0,"gear":7,"steering":-5.5}
{"timestamp":18.150,"speed":340.0,"rpm":61500,"throttle":83,"brake":0,"gear":7,"steering":-5.8}
{"timestamp":18.200,"speed":340.0,"rpm":61500,"throttle":82,"brake":0,"gear":7,"steering":-6.0}
{"timestamp":18.250,"speed":340.0,"rpm":61500,"throttle":81,"brake":0,"gear":7,"steering":-6.3}
{"timestamp":18.300,"speed":340.0,"rpm":61500,"throttle":80,"brake":0,"gear":7,"steering":-6.5}
{"timestamp":18.350,"speed":340.0,"rpm":61500,"throttle":80,"brake":0,"gear":7,"steering":-6.8}
{"timestamp":18.400,"speed":340.0,"rpm":61500,"throttle":79,"brake":0,"gear":7,"steering":-7.0}
{"timestamp":18.450,"speed":340.0,"rpm":61500,"throttle":78,"brake":0,"gear":7,"steering":-7.3}
{"timestamp":18.500,"speed":340.0,"rpm":61500,"throttle":77,"brake":0,"gear":7,"steering":-7.5}
{"timestamp":18.550,"speed":340.0,"rpm":61500,"throttle":77,"brake":0,"gear":7,"steering":-7.8}
{"timestamp":18.600,"speed":340.0,"rpm":61500,"throttle":76,"brake":0,"gear":7,"steering":-8.0}
{"timestamp":18.650,"speed":340.0,"rpm":61500,"throttle":75,"brake":0,"gear":7,"steering":-8.3}
{"timestamp":18.700,"speed":340.0,"rpm":61500,"throttle":74,"brake":0,"gear":7,"steering":-8.5}
{"timestamp":18.750,"speed":340.0,"rpm":61500,"throttle":74,"brake":0,"gear":7,"steering":-8.8}
{"timestamp":18.800,"speed":340.0,"rpm":61500,"throttle":73,"brake":0,"gear":7,"steering":-9.0}
{"timestamp":18.850,"speed":340.0,"rpm":61500,"throttle":72,"brake":0,"gear":7,"steering":-9.3}
{"timestamp":18.900,"speed":340.0,"rpm":61500,"throttle":71,"brake":0,"gear":7,"steering":-9.5}
{"timestamp":18.950,"speed":340.0,"rpm":61500,"throttle":71,"brake":0,"gear":7,"steering":-9.8}
{"timestamp":19.000,"speed":340.0,"rpm":61500,"throttle":70,"brake":0,"gear":7,"steering":-10.0}
{"timestamp":19.050,"speed":335.5,"rpm":60712,"throttle":66,"brake":5,"gear":7,"steering":-11.3}
{"timestamp":19.100,"speed":331.0,"rpm":59925,"throttle":63,"brake":9,"gear":7,"steering":-12.5}
{"timestamp":19.150,"speed":326.5,"rpm":59137,"throttle":59,"brake":14,"gear":7,"steering":-13.8}
{"timestamp":19.200,"speed":322.0,"rpm":58350,"throttle":56,"brake":18,"gear":7,"steering":-15.0}
{"timestamp":19.250,"speed":317.5,"rpm":49625,"throttle":52,"brake":23,"gear":6,"steering":-16.3}
{"timestamp":19.300,"speed":313.0,"rpm":48950,"throttle":49,"brake":27,"gear":6,"steering":-17.5}
{"timestamp":19.350,"speed":308.5,"rpm":48275,"throttle":45,"brake":32,"gear":6,"steering":-18.8}
{"timestamp":19.400,"speed":304.0,"rpm":47600,"throttle":42,"brake":36,"gear":6,"steering":-20.0}
{"timestamp":19.450,"speed":299.5,"rpm":46925,"throttle":38,"brake":41,"gear":6,"steering":-21.3}
{"timestamp":19.500,"speed":295.0,"rpm":46250,"throttle":35,"brake":45,"gear":6,"steering":-22.5}
{"timestamp":19.550,"speed":290.5,"rpm":45575,"throttle":31,"brake":50,"gear":6,"steering":-23.8}
{"timestamp":19.600,"speed":286.0,"rpm":44900,"throttle":28,"brake":54,"gear":6,"steering":-25.0}
{"timestamp":19.650,"speed":281.5,"rpm":44225,"throttle":24,"brake":59,"gear":6,"steering":-26.3}
{"timestamp":19.700,"speed":277.0,"rpm":43550,"throttle":21,"brake":63,"gear":6,"steering":-27.5}
{"timestamp":19.750,"speed":272.5,"rpm":36062,"throttle":17,"brake":68,"gear":5,"steering":-28.8}
{"timestamp":19.800,"speed":268.0,"rpm":35500,"throttle":14,"brake":72,"gear":5,"steering":-30.0}
{"timestamp":19.850,"speed":263.5,"rpm":34937,"throttle":10,"brake":77,"gear":5,"steering":-31.3}
{"timestamp":19.900,"speed":259.0,"rpm":34375,"throttle":7,"brake":81,"gear":5,"steering":-32.5}
{"timestamp":19.950,"speed":254.5,"rpm":33812,"throttle":3,"brake":86,"gear":5,"steering":-33.8}
{"timestamp":20.000,"speed":250.0,"rpm":33250,"throttle":0,"brake":90,"gear":5,"steering":-35.0}
{"timestamp":20.050,"speed":243.5,"rpm":32437,"throttle":2,"brake":87,"gear":5,"steering":-31.7}
{"timestamp":20.100,"speed":237.0,"rpm":31625,"throttle":3,"brake":85,"gear":5,"steering":-28.5}
{"timestamp":20.150,"speed":230.5,"rpm":30812,"throttle":5,"brake":82,"gear":5,"steering":-25.2}
{"timestamp":20.200,"speed":224.0,"rpm":30000,"throttle":6,"brake":80,"gear":5,"steering":-22.0}
{"timestamp":20.250,"speed":217.5,"rpm":23750,"throttle":8,"brake":77,"gear":4,"steering":-18.7}
{"timestamp":20.300,"speed":211.0,"rpm":23100,"throttle":9,"brake":75,"gear":4,"steering":-15.5}
{"timestamp":20.350,"speed":204.5,"rpm":22450,"throttle":11,"brake":72,"gear":4,"steering":-12.2}
{"timestamp":20.400,"speed":198.0,"rpm":21800,"throttle":12,"brake":70,"gear":4,"steering":-9.0}
{"timestamp":20.450,"speed":191.5,"rpm":21150,"throttle":14,"brake":67,"gear":4,"steering":-5.7}
{"timestamp":20.500,"speed":185.0,"rpm":20500,"throttle":15,"brake":65,"gear":4,"steering":-2.5}
{"timestamp":20.550,"speed":178.5,"rpm":19850,"throttle":17,"brake":62,"gear":4,"steering":0.8}
{"timestamp":20.600,"speed":172.0,"rpm":19200,"throttle":18,"brake":60,"gear":4,"steering":4.0}
{"timestamp":20.650,"speed":165.5,"rpm":18550,"throttle":20,"brake":57,"gear":4,"steering":7.3}
{"timestamp":20.700,"speed":159.0,"rpm":17900,"throttle":21,"brake":55,"gear":4,"steering":10.5}
{"timestamp":20.750,"speed":152.5,"rpm":13437,"throttle":23,"brake":52,"gear":3,"steering":13.8}
{"timestamp":20.800,"speed":146.0,"rpm":12950,"throttle":24,"brake":50,"gear":3,"steering":17.0}
{"timestamp":20.850,"speed":139.5,"rpm":12462,"throttle":26,"brake":47,"gear":3,"steering":20.3}
{"timestamp":20.900,"speed":133.0,"rpm":11975,"throttle":27,"brake":45,"gear":3,"steering":23.5}
{"timestamp":20.950,"speed":126.5,"rpm":11487,"throttle":29,"brake":42,"gear":3,"steering":26.8}
{"timestamp":21.000,"speed":120.0,"rpm":11000,"throttle":30,"brake":40,"gear":3,"steering":30.0}
{"timestamp":21.050,"speed":121.0,"rpm":11075,"throttle":33,"brake":38,"gear":3,"steering":27.5}
{"timestamp":21.100,"speed":122.0,"rpm":11150,"throttle":35,"brake":36,"gear":3,"steering":25.0}
{"timestamp":21.150,"speed":123.0,"rpm":11225,"throttle":38,"brake":34,"gear":3,"steering":22.5}
{"timestamp":21.200,"speed":124.0,"rpm":11300,"throttle":40,"brake":32,"gear":3,"steering":20.0}
{"timestamp":21.250,"speed":125.0,"rpm":11375,"throttle":43,"brake":30,"gear":3,"steering":17.5}
{"timestamp":21.300,"speed":126.0,"rpm":11450,"throttle":45,"brake":28,"gear":3,"steering":15.0}
{"timestamp":21.350,"speed":127.0,"rpm":11525,"throttle":48,"brake":26,"gear":3,"steering":12.5}
{"timestamp":21.400,"speed":128.0,"rpm":11600,"throttle":50,"brake":24,"gear":3,"steering":10.0}
{"timestamp":21.450,"speed":129.0,"rpm":11675,"throttle":53,"brake":22,"gear":3,"steering":7.5}
{"timestamp":21.500,"speed":130.0,"rpm":15000,"throttle":55,"brake":20,"gear":4,"steering":5.0}
{"timestamp":21.550,"speed":131.0,"rpm":15100,"throttle":58,"brake":18,"gear":4,"steering":2.5}
{"timestamp":21.600,"speed":132.0,"rpm":15200,"throttle":60,"brake":16,"gear":4,"steering":-0.0}
{"timestamp":21.650,"speed":133.0,"rpm":15300,"throttle":63,"brake":14,"gear":4,"steering":-2.5}
{"timestamp":21.700,"speed":134.0,"rpm":15400,"throttle":65,"brake":12,"gear":4,"steering":-5.0}
{"timestamp":21.750,"speed":135.0,"rpm":15500,"throttle":68,"brake":10,"gear":4,"steering":-7.5}
{"timestamp":21.800,"speed":136.0,"rpm":15600,"throttle":70,"brake":8,"gear":4,"steering":-10.0}
{"timestamp":21.850,"speed":137.0,"rpm":15700,"throttle":73,"brake":6,"gear":4,"steering":-12.5}
{"timestamp":21.900,"speed":138.0,"rpm":15800,"throttle":75,"brake":4,"gear":4,"steering":-15.0}
{"timestamp":21.950,"speed":139.0,"rpm":15900,"throttle":78,"brake":2,"gear":4,"steering":-17.5}
{"timestamp":22.000,"speed":140.0,"rpm":16000,"throttle":80,"brake":0,"gear":4,"steering":-20.0}
{"timestamp":22.050,"speed":142.5,"rpm":16250,"throttle":81,"brake":0,"gear":4,"steering":-19.5}
{"timestamp":22.100,"speed":145.0,"rpm":16500,"throttle":81,"brake":0,"gear":4,"steering":-19.0}
{"timestamp":22.150,"speed":147.5,"rpm":16750,"throttle":82,"brake":0,"gear":4,"steering":-18.5}
{"timestamp":22.200,"speed":150.0,"rpm":17000,"throttle":82,"brake":0,"gear":4,"steering":-18.0}
{"timestamp":22.250,"speed":152.5,"rpm":17250,"throttle":83,"brake":0,"gear":4,"steering":-17.5}
{"timestamp":22.300,"speed":155.0,"rpm":17500,"throttle":83,"brake":0,"gear":4,"steering":-17.0}
{"timestamp":22.350,"speed":157.5,"rpm":17750,"throttle":84,"brake":0,"gear":4,"steering":-16.5}
{"timestamp":22.400,"speed":160.0,"rpm":18000,"throttle":84,"brake":0,"gear":4,"steering":-16.0}
{"timestamp":22.450,"speed":162.5,"rpm":18250,"throttle":85,"brake":0,"gear":4,"steering":-15.5}
{"timestamp":22.500,"speed":165.0,"rpm":22625,"throttle":85,"brake":0,"gear":5,"steering":-15.0}
{"timestamp":22.550,"speed":167.5,"rpm":22938,"throttle":86,"brake":0,"gear":5,"steering":-14.5}
{"timestamp":22.600,"speed":170.0,"rpm":23250,"throttle":86,"brake":0,"gear":5,"steering":-14.0}
{"timestamp":22.650,"speed":172.5,"rpm":23563,"throttle":87,"brake":0,"gear":5,"steering":-13.5}
{"timestamp":22.700,"speed":175.0,"rpm":23875,"throttle":87,"brake":0,"gear":5,"steering":-13.0}
{"timestamp":22.750,"speed":177.5,"rpm":24188,"throttle":88,"brake":0,"gear":5,"steering":-12.5}
{"timestamp":22.800,"speed":180.0,"rpm":24500,"throttle":88,"brake":0,"gear":5,"steering":-12.0}
{"timestamp":22.850,"speed":182.5,"rpm":24813,"throttle":89,"brake":0,"gear":5,"steering":-11.5}
{"timestamp":22.900,"speed":185.0,"rpm":25125,"throttle":89,"brake":0,"gear":5,"steering":-11.0}
{"timestamp":22.950,"speed":187.5,"rpm":25438,"throttle":90,"brake":0,"gear":5,"steering":-10.5}
{"timestamp":23.000,"speed":190.0,"rpm":25750,"throttle":90,"brake":0,"gear":5,"steering":-10.0}
{"timestamp":23.050,"speed":192.5,"rpm":26063,"throttle":91,"brake":0,"gear":5,"steering":-9.5}
{"timestamp":23.100,"speed":195.0,"rpm":26375,"throttle":91,"brake":0,"gear":5,"steering":-9.0}
{"timestamp":23.150,"speed":197.5,"rpm":26688,"throttle":92,"brake":0,"gear":5,"steering":-8.5}
{"timestamp":23.200,"speed":200.0,"rpm":27000,"throttle":92,"brake":0,"gear":5,"steering":-8.0}
{"timestamp":23.250,"speed":202.5,"rpm":27313,"throttle":93,"brake":0,"gear":5,"steering":-7.5}
{"timestamp":23.300,"speed":205.0,"rpm":27625,"throttle":93,"brake":0,"gear":5,"steering":-7.0}
{"timestamp":23.350,"speed":207.5,"rpm":27938,"throttle":94,"brake":0,"gear":5,"steering":-6.5}
{"timestamp":23.400,"speed":210.0,"rpm":28250,"throttle":94,"brake":0,"gear":5,"steering":-6.0}
{"timestamp":23.450,"speed":212.5,"rpm":28563,"throttle":95,"brake":0,"gear":5,"steering":-5.5}
{"timestamp":23.500,"speed":215.0,"rpm":34250,"throttle":95,"brake":0,"gear":6,"steering":-5.0}
{"timestamp":23.550,"speed":217.5,"rpm":34625,"throttle":96,"brake":0,"gear":6,"steering":-4.5}
{"timestamp":23.600,"speed":220.0,"rpm":35000,"throttle":96,"brake":0,"gear":6,"steering":-4.0}
{"timestamp":23.650,"speed":222.5,"rpm":35375,"throttle":97,"brake":0,"gear":6,"steering":-3.5}
{"timestamp":23.700,"speed":225.0,"rpm":35750,"throttle":97,"brake":0,"gear":6,"steering":-3.0}
{"timestamp":23.750,"speed":227.5,"rpm":36125,"throttle":98,"brake":0,"gear":6,"steering":-2.5}
{"timestamp":23.800,"speed":230.0,"rpm":36500,"throttle":98,"brake":0,"gear":6,"steering":-2.0}
{"timestamp":23.850,"speed":232.5,"rpm":36875,"throttle":99,"brake":0,"gear":6,"steering":-1.5}
{"timestamp":23.900,"speed":235.0,"rpm":37250,"throttle":99,"brake":0,"gear":6,"steering":-1.0}
{"timestamp":23.950,"speed":237.5,"rpm":37625,"throttle":100,"brake":0,"gear":6,"steering":-0.5}
{"timestamp":24.000,"speed":240.0,"rpm":38000,"throttle":100,"brake":0,"gear":6,"steering":0.0}
{"timestamp":24.050,"speed":242.0,"rpm":38300,"throttle":100,"brake":0,"gear":6,"steering":0.0}
{"timestamp":24.100,"speed":244.0,"rpm":38600,"throttle":100,"brake":0,"gear":6,"steering":0.0}
{"timestamp":24.150,"speed":246.0,"rpm":38900,"throttle":100,"brake":0,"gear":6,"steering":0.0}
{"timestamp":24.200,"speed":248.0,"rpm":39200,"throttle":100,"brake":0,"gear":6,"steering":0.0}
{"timestamp":24.250,"speed":250.0,"rpm":39500,"throttle":100,"brake":0,"gear":6,"steering":0.0}
{"timestamp":24.300,"speed":252.0,"rpm":39800,"throttle":100,"brake":0,"gear":6,"steering":0.0}
{"timestamp":24.350,"speed":254.0,"rpm":40100,"throttle":100,"brake":0,"gear":6,"steering":0.0}
{"timestamp":24.400,"speed":256.0,"rpm":40400,"throttle":100,"brake":0,"gear":6,"steering":0.0}
{"timestamp":24.450,"speed":258.0,"rpm":40700,"throttle":100,"brake":0,"gear":6,"steering":0.0}
{"timestamp":24.500,"speed":260.0,"rpm":41000,"throttle":100,"brake":0,"gear":6,"steering":0.0}
{"timestamp":24.550,"speed":262.0,"rpm":41300,"throttle":100,"brake":0,"gear":6,"steering":0.0}
{"timestamp":24.600,"speed":264.0,"rpm":41600,"throttle":100,"brake":0,"gear":6,"steering":0.0}
{"timestamp":24.650,"speed":266.0,"rpm":41900,"throttle":100,"brake":0,"gear":6,"steering":0.0}
{"timestamp":24.700,"speed":268.0,"rpm":42200,"throttle":100,"brake":0,"gear":6,"steering":0.0}
{"timestamp":24.750,"speed":270.0,"rpm":42500,"throttle":100,"brake":0,"gear":6,"steering":0.0}
{"timestamp":24.800,"speed":272.0,"rpm":42800,"throttle":100,"brake":0,"gear":6,"steering":0.0}
{"timestamp":24.850,"speed":274.0,"rpm":43100,"throttle":100,"brake":0,"gear":6,"steering":0.0}
{"timestamp":24.900,"speed":276.0,"rpm":43400,"throttle":100,"brake":0,"gear":6,"steering":0.0}
{"timestamp":24.950,"speed":278.0,"rpm":43700,"throttle":100,"brake":0,"gear":6,"steering":0.0}
{"timestamp":25.000,"speed":280.0,"rpm":51000,"throttle":100,"brake":0,"gear":7,"steering":0.0}
{"timestamp":25.050,"speed":282.0,"rpm":51350,"throttle":100,"brake":0,"gear":7,"steering":0.0}
{"timestamp":25.100,"speed":284.0,"rpm":51700,"throttle":100,"brake":0,"gear":7,"steering":0.0}
{"timestamp":25.150,"speed":286.0,"rpm":52050,"throttle":100,"brake":0,"gear":7,"steering":0.0}
{"timestamp":25.200,"speed":288.0,"rpm":52400,"throttle":100,"brake":0,"gear":7,"steering":0.0}
{"timestamp":25.250,"speed":290.0,"rpm":52750,"throttle":100,"brake":0,"gear":7,"steering":0.0}
{"timestamp":25.300,"speed":292.0,"rpm":53100,"throttle":100,"brake":0,"gear":7,"steering":0.0}
{"timestamp":25.350,"speed":294.0,"rpm":53450,"throttle":100,"brake":0,"gear":7,"steering":0.0}
{"timestamp":25.400,"speed":296.0,"rpm":53800,"throttle":100,"brake":0,"gear":7,"steering":0.0}
{"timestamp":25.450,"speed":298.0,"rpm":54150,"throttle":100,"brake":0,"gear":7,"steering":0.0}
{"timestamp":25.500,"speed":300.0,"rpm":54500,"throttle":100,"brake":0,"gear":7,"steering":0.0}
{"timestamp":25.550,"speed":302.0,"rpm":54850,"throttle":100,"brake":0,"gear":7,"steering":0.0}
{"timestamp":25.600,"speed":304.0,"rpm":55200,"throttle":100,"brake":0,"gear":7,"steering":0.0}
{"timestamp":25.650,"speed":306.0,"rpm":55550,"throttle":100,"brake":0,"gear":7,"steering":0.0}
{"timestamp":25.700,"speed":308.0,"rpm":55900,"throttle":100,"brake":0,"gear":7,"steering":0.0}
{"timestamp":25.750,"speed":310.0,"rpm":56250,"throttle":100,"brake":0,"gear":7,"steering":0.0}
{"timestamp":25.800,"speed":312.0,"rpm":56600,"throttle":100,"brake":0,"gear":7,"steering":0.0}
{"timestamp":25.850,"speed":314.0,"rpm":56950,"throttle":100,"brake":0,"gear":7,"steering":0.0}
{"timestamp":25.900,"speed":316.0,"rpm":57300,"throttle":100,"brake":0,"gear":7,"steering":0.0}
{"timestamp":25.950,"speed":318.0,"rpm":57650,"throttle":100,"brake":0,"gear":7,"steering":0.0}
{"timestamp":26.000,"speed":320.0,"rpm":58000,"throttle":100,"brake":0,"gear":7,"steering":0.0}
{"timestamp":26.050,"speed":320.5,"rpm":58088,"throttle":100,"brake":0,"gear":7,"steering":0.0}
{"timestamp":26.100,"speed":321.0,"rpm":58175,"throttle":100,"brake":0,"gear":7,"steering":0.0}
{"timestamp":26.150,"speed":321.5,"rpm":58263,"throttle":100,"brake":0,"gear":7,"steering":0.0}
{"timestamp":26.200,"speed":322.0,"rpm":58350,"throttle":100,"brake":0,"gear":7,"steering":0.0}
{"timestamp":26.250,"speed":322.5,"rpm":58438,"throttle":100,"brake":0,"gear":7,"steering":0.0}
{"timestamp":26.300,"speed":323.0,"rpm":58525,"throttle":100,"brake":0,"gear":7,"steering":0.0}
{"timestamp":26.350,"speed":323.5,"rpm":58613,"throttle":100,"brake":0,"gear":7,"steering":0.0}
{"timestamp":26.400,"speed":324.0,"rpm":58700,"throttle":100,"brake":0,"gear":7,"steering":0.0}
{"timestamp":26.450,"speed":324.5,"rpm":58788,"throttle":100,"brake":0,"gear":7,"steering":0.0}
{"timestamp":26.500,"speed":325.0,"rpm":58875,"throttle":100,"brake":0,"gear":7,"steering":0.0}
{"timestamp":26.550,"speed":325.5,"rpm":58963,"throttle":100,"brake":0,"gear":7,"steering":0.0}
{"timestamp":26.600,"speed":326.0,"rpm":59050,"throttle":100,"brake":0,"gear":7,"steering":0.0}
{"timestamp":26.650,"speed":326.5,"rpm":59138,"throttle":100,"brake":0,"gear":7,"steering":0.0}
{"timestamp":26.700,"speed":327.0,"rpm":59225,"throttle":100,"brake":0,"gear":7,"steering":0.0}
{"timestamp":26.750,"speed":327.5,"rpm":59313,"throttle":100,"brake":0,"gear":7,"steering":0.0}
{"timestamp":26.800,"speed":328.0,"rpm":59400,"throttle":100,"brake":0,"gear":7,"steering":0.0}
{"timestamp":26.850,"speed":328.5,"rpm":59488,"throttle":100,"brake":0,"gear":7,"steering":0.0}
{"timestamp":26.900,"speed":329.0,"rpm":59575,"throttle":100,"brake":0,"gear":7,"steering":0.0}
{"timestamp":26.950,"speed":329.5,"rpm":59663,"throttle":100,"brake":0,"gear":7,"steering":0.0}
{"timestamp":27.000,"speed":330.0,"rpm":59750,"throttle":100,"brake":0,"gear":7,"steering":0.0}
{"timestamp":27.050,"speed":330.5,"rpm":59838,"throttle":100,"brake":0,"gear":7,"steering":0.0}
{"timestamp":27.100,"speed":331.0,"rpm":59925,"throttle":100,"brake":0,"gear":7,"steering":0.0}
{"timestamp":27.150,"speed":331.5,"rpm":60013,"throttle":100,"brake":0,"gear":7,"steering":0.0}
{"timestamp":27.200,"speed":332.0,"rpm":60100,"throttle":100,"brake":0,"gear":7,"steering":0.0}
{"timestamp":27.250,"speed":332.5,"rpm":60188,"throttle":100,"brake":0,"gear":7,"steering":0.0}
{"timestamp":27.300,"speed":333.0,"rpm":60275,"throttle":100,"brake":0,"gear":7,"steering":0.0}
{"timestamp":27.350,"speed":333.5,"rpm":60363,"throttle":100,"brake":0,"gear":7,"steering":0.0}
{"timestamp":27.400,"speed":334.0,"rpm":60450,"throttle":100,"brake":0,"gear":7,"steering":0.0}
{"timestamp":27.450,"speed":334.5,"rpm":60538,"throttle":100,"brake":0,"gear":7,"steering":0.0}
{"timestamp":27.500,"speed":335.0,"rpm":60625,"throttle":100,"brake":0,"gear":7,"steering":0.0}
{"timestamp":27.550,"speed":335.5,"rpm":60713,"throttle":100,"brake":0,"gear":7,"steering":0.0}
{"timestamp":27.600,"speed":336.0,"rpm":60800,"throttle":100,"brake":0,"gear":7,"steering":0.0}
{"timestamp":27.650,"speed":336.5,"rpm":60888,"throttle":100,"brake":0,"gear":7,"steering":0.0}
{"timestamp":27.700,"speed":337.0,"rpm":60975,"throttle":100,"brake":0,"gear":7,"steering":0.0}
{"timestamp":27.750,"speed":337.5,"rpm":61063,"throttle":100,"brake":0,"gear":7,"steering":0.0}
{"timestamp":27.800,"speed":338.0,"rpm":61150,"throttle":100,"brake":0,"gear":7,"steering":0.0}
{"timestamp":27.850,"speed":338.5,"rpm":61238,"throttle":100,"brake":0,"gear":7,"steering":0.0}
{"timestamp":27.900,"speed":339.0,"rpm":61325,"throttle":100,"brake":0,"gear":7,"steering":0.0}
{"timestamp":27.950,"speed":339.5,"rpm":61413,"throttle":100,"brake":0,"gear":7,"steering":0.0}
{"timestamp":28.000,"speed":340.0,"rpm":61500,"throttle":100,"brake":0,"gear":7,"steering":-0.0}
{"timestamp":28.050,"speed":337.0,"rpm":60975,"throttle":95,"brake":4,"gear":7,"steering":-1.5}
{"timestamp":28.100,"speed":334.0,"rpm":60450,"throttle":90,"brake":8,"gear":7,"steering":-3.0}
{"timestamp":28.150,"speed":331.0,"rpm":59925,"throttle":85,"brake":12,"gear":7,"steering":-4.5}
{"timestamp":28.200,"speed":328.0,"rpm":59400,"throttle":80,"brake":16,"gear":7,"steering":-6.0}
{"timestamp":28.250,"speed":325.0,"rpm":58875,"throttle":75,"brake":20,"gear":7,"steering":-7.5}
{"timestamp":28.300,"speed":322.0,"rpm":58350,"throttle":70,"brake":24,"gear":7,"steering":-9.0}
{"timestamp":28.350,"speed":319.0,"rpm":57825,"throttle":65,"brake":28,"gear":7,"steering":-10.5}
{"timestamp":28.400,"speed":316.0,"rpm":57300,"throttle":60,"brake":32,"gear":7,"steering":-12.0}
{"timestamp":28.450,"speed":313.0,"rpm":56775,"throttle":55,"brake":36,"gear":7,"steering":-13.5}
{"timestamp":28.500,"speed":310.0,"rpm":48500,"throttle":50,"brake":40,"gear":6,"steering":-15.0}
{"timestamp":28.550,"speed":307.0,"rpm":48050,"throttle":45,"brake":44,"gear":6,"steering":-16.5}
{"timestamp":28.600,"speed":304.0,"rpm":47600,"throttle":40,"brake":48,"gear":6,"steering":-18.0}
{"timestamp":28.650,"speed":301.0,"rpm":47150,"throttle":35,"brake":52,"gear":6,"steering":-19.5}
{"timestamp":28.700,"speed":298.0,"rpm":46700,"throttle":30,"brake":56,"gear":6,"steering":-21.0}
{"timestamp":28.750,"speed":295.0,"rpm":46250,"throttle":25,"brake":60,"gear":6,"steering":-22.5}
{"timestamp":28.800,"speed":292.0,"rpm":45800,"throttle":20,"brake":64,"gear":6,"steering":-24.0}
{"timestamp":28.850,"speed":289.0,"rpm":45350,"throttle":15,"brake":68,"gear":6,"steering":-25.5}
{"timestamp":28.900,"speed":286.0,"rpm":44900,"throttle":10,"brake":72,"gear":6,"steering":-27.0}
{"timestamp":28.950,"speed":283.0,"rpm":44450,"throttle":5,"brake":76,"gear":6,"steering":-28.5}
{"timestamp":29.000,"speed":280.0,"rpm":44000,"throttle":0,"brake":80,"gear":6,"steering":-30.0}
{"timestamp":29.050,"speed":275.0,"rpm":43250,"throttle":2,"brake":78,"gear":6,"steering":-30.8}
{"timestamp":29.100,"speed":270.0,"rpm":42500,"throttle":4,"brake":76,"gear":6,"steering":-31.5}
{"timestamp":29.150,"speed":265.0,"rpm":41750,"throttle":6,"brake":74,"gear":6,"steering":-32.3}
{"timestamp":29.200,"speed":260.0,"rpm":41000,"throttle":8,"brake":72,"gear":6,"steering":-33.0}
{"timestamp":29.250,"speed":255.0,"rpm":33875,"throttle":10,"brake":70,"gear":5,"steering":-33.8}
{"timestamp":29.300,"speed":250.0,"rpm":33250,"throttle":12,"brake":68,"gear":5,"steering":-34.5}
{"timestamp":29.350,"speed":245.0,"rpm":32625,"throttle":14,"brake":66,"gear":5,"steering":-35.3}
{"timestamp":29.400,"speed":240.0,"rpm":32000,"throttle":16,"brake":64,"gear":5,"steering":-36.0}
{"timestamp":29.450,"speed":235.0,"rpm":31375,"throttle":18,"brake":62,"gear":5,"steering":-36.8}
{"timestamp":29.500,"speed":230.0,"rpm":30750,"throttle":20,"brake":60,"gear":5,"steering":-37.5}
{"timestamp":29.550,"speed":225.0,"rpm":30125,"throttle":22,"brake":58,"gear":5,"steering":-38.3}
{"timestamp":29.600,"speed":220.0,"rpm":29500,"throttle":24,"brake":56,"gear":5,"steering":-39.0}
{"timestamp":29.650,"speed":215.0,"rpm":28875,"throttle":26,"brake":54,"gear":5,"steering":-39.8}
{"timestamp":29.700,"speed":210.0,"rpm":28250,"throttle":28,"brake":52,"gear":5,"steering":-40.5}
{"timestamp":29.750,"speed":205.0,"rpm":22500,"throttle":30,"brake":50,"gear":4,"steering":-41.3}
{"timestamp":29.800,"speed":200.0,"rpm":22000,"throttle":32,"brake":48,"gear":4,"steering":-42.0}
{"timestamp":29.850,"speed":195.0,"rpm":21500,"throttle":34,"brake":46,"gear":4,"steering":-42.8}
{"timestamp":29.900,"speed":190.0,"rpm":21000,"throttle":36,"brake":44,"gear":4,"steering":-43.5}
{"timestamp":29.950,"speed":185.0,"rpm":20500,"throttle":38,"brake":42,"gear":4,"steering":-44.3}
{"timestamp":30.000,"speed":180.0,"rpm":20000,"throttle":40,"brake":40,"gear":4,"steering":-45.0}
{"timestamp":30.050,"speed":178.5,"rpm":19850,"throttle":42,"brake":38,"gear":4,"steering":-43.7}
{"timestamp":30.100,"speed":177.0,"rpm":19700,"throttle":44,"brake":36,"gear":4,"steering":-42.5}
{"timestamp":30.150,"speed":175.5,"rpm":19550,"throttle":46,"brake":34,"gear":4,"steering":-41.2}
{"timestamp":30.200,"speed":174.0,"rpm":19400,"throttle":48,"brake":32,"gear":4,"steering":-40.0}
{"timestamp":30.250,"speed":172.5,"rpm":19250,"throttle":50,"brake":30,"gear":4,"steering":-38.7}
{"timestamp":30.300,"speed":171.0,"rpm":19100,"throttle":52,"brake":28,"gear":4,"steering":-37.5}
{"timestamp":30.350,"speed":169.5,"rpm":18950,"throttle":54,"brake":26,"gear":4,"steering":-36.2}
{"timestamp":30.400,"speed":168.0,"rpm":18800,"throttle":56,"brake":24,"gear":4,"steering":-35.0}
{"timestamp":30.450,"speed":166.5,"rpm":18650,"throttle":58,"brake":22,"gear":4,"steering":-33.7}
{"timestamp":30.500,"speed":165.0,"rpm":18500,"throttle":60,"brake":20,"gear":4,"steering":-32.5}
{"timestamp":30.550,"speed":163.5,"rpm":18350,"throttle":62,"brake":18,"gear":4,"steering":-31.2}
{"timestamp":30.600,"speed":162.0,"rpm":18200,"throttle":64,"brake":16,"gear":4,"steering":-30.0}
{"timestamp":30.650,"speed":160.5,"rpm":18050,"throttle":66,"brake":14,"gear":4,"steering":-28.7}
{"timestamp":30.700,"speed":159.0,"rpm":17900,"throttle":68,"brake":12,"gear":4,"steering":-27.5}
{"timestamp":30.750,"speed":157.5,"rpm":17750,"throttle":70,"brake":10,"gear":4,"steering":-26.2}
{"timestamp":30.800,"speed":156.0,"rpm":17600,"throttle":72,"brake":8,"gear":4,"steering":-25.0}
{"timestamp":30.850,"speed":154.5,"rpm":17450,"throttle":74,"brake":6,"gear":4,"steering":-23.7}
{"timestamp":30.900,"speed":153.0,"rpm":17300,"throttle":76,"brake":4,"gear":4,"steering":-22.5}
{"timestamp":30.950,"speed":151.5,"rpm":17150,"throttle":78,"brake":2,"gear":4,"steering":-21.2}
{"timestamp":31.000,"speed":150.0,"rpm":17000,"throttle":80,"brake":0,"gear":4,"steering":-20.0}
{"timestamp":31.050,"speed":152.5,"rpm":17250,"throttle":81,"brake":0,"gear":4,"steering":-19.5}
{"timestamp":31.100,"speed":155.0,"rpm":17500,"throttle":81,"brake":0,"gear":4,"steering":-19.0}
{"timestamp":31.150,"speed":157.5,"rpm":17750,"throttle":82,"brake":0,"gear":4,"steering":-18.5}
{"timestamp":31.200,"speed":160.0,"rpm":18000,"throttle":82,"brake":0,"gear":4,"steering":-18.0}
{"timestamp":31.250,"speed":162.5,"rpm":18250,"throttle":83,"brake":0,"gear":4,"steering":-17.5}
{"timestamp":31.300,"speed":165.0,"rpm":18500,"throttle":83,"brake":0,"gear":4,"steering":-17.0}
{"timestamp":31.350,"speed":167.5,"rpm":18750,"throttle":84,"brake":0,"gear":4,"steering":-16.5}
{"timestamp":31.400,"speed":170.0,"rpm":19000,"throttle":84,"brake":0,"gear":4,"steering":-16.0}
{"timestamp":31.450,"speed":172.5,"rpm":19250,"throttle":85,"brake":0,"gear":4,"steering":-15.5}
{"timestamp":31.500,"speed":175.0,"rpm":23875,"throttle":85,"brake":0,"gear":5,"steering":-15.0}
{"timestamp":31.550,"speed":177.5,"rpm":24188,"throttle":86,"brake":0,"gear":5,"steering":-14.5}
{"timestamp":31.600,"speed":180.0,"rpm":24500,"throttle":86,"brake":0,"gear":5,"steering":-14.0}
{"timestamp":31.650,"speed":182.5,"rpm":24813,"throttle":87,"brake":0,"gear":5,"steering":-13.5}
{"timestamp":31.700,"speed":185.0,"rpm":25125,"throttle":87,"brake":0,"gear":5,"steering":-13.0}
{"timestamp":31.750,"speed":187.5,"rpm":25438,"throttle":88,"brake":0,"gear":5,"steering":-12.5}
{"timestamp":31.800,"speed":190.0,"rpm":25750,"throttle":88,"brake":0,"gear":5,"steering":-12.0}
{"timestamp":31.850,"speed":192.5,"rpm":26063,"throttle":89,"brake":0,"gear":5,"steering":-11.5}
{"timestamp":31.900,"speed":195.0,"rpm":26375,"throttle":89,"brake":0,"gear":5,"steering":-11.0}
{"timestamp":31.950,"speed":197.5,"rpm":26688,"throttle":90,"brake":0,"gear":5,"steering":-10.5}
{"timestamp":32.000,"speed":200.0,"rpm":27000,"throttle":90,"brake":0,"gear":5,"steering":-10.0}
{"timestamp":32.050,"speed":202.5,"rpm":27313,"throttle":91,"brake":0,"gear":5,"steering":-9.5}
{"timestamp":32.100,"speed":205.0,"rpm":27625,"throttle":91,"brake":0,"gear":5,"steering":-9.0}
{"timestamp":32.150,"speed":207.5,"rpm":27938,"throttle":92,"brake":0,"gear":5,"steering":-8.5}
{"timestamp":32.200,"speed":210.0,"rpm":28250,"throttle":92,"brake":0,"gear":5,"steering":-8.0}
{"timestamp":32.250,"speed":212.5,"rpm":28563,"throttle":93,"brake":0,"gear":5,"steering":-7.5}
{"timestamp":32.300,"speed":215.0,"rpm":28875,"throttle":93,"brake":0,"gear":5,"steering":-7.0}
{"timestamp":32.350,"speed":217.5,"rpm":29188,"throttle":94,"brake":0,"gear":5,"steering":-6.5}
{"timestamp":32.400,"speed":220.0,"rpm":29500,"throttle":94,"brake":0,"gear":5,"steering":-6.0}
{"timestamp":32.450,"speed":222.5,"rpm":29813,"throttle":95,"brake":0,"gear":5,"steering":-5.5}
{"timestamp":32.500,"speed":225.0,"rpm":35750,"throttle":95,"brake":0,"gear":6,"steering":-5.0}
{"timestamp":32.550,"speed":227.5,"rpm":36125,"throttle":96,"brake":0,"gear":6,"steering":-4.5}
{"timestamp":32.600,"speed":230.0,"rpm":36500,"throttle":96,"brake":0,"gear":6,"steering":-4.0}
{"timestamp":32.650,"speed":232.5,"rpm":36875,"throttle":97,"brake":0,"gear":6,"steering":-3.5}
{"timestamp":32.700,"speed":235.0,"rpm":37250,"throttle":97,"brake":0,"gear":6,"steering":-3.0}
{"timestamp":32.750,"speed":237.5,"rpm":37625,"throttle":98,"brake":0,"gear":6,"steering":-2.5}
{"timestamp":32.800,"speed":240.0,"rpm":38000,"throttle":98,"brake":0,"gear":6,"steering":-2.0}
{"timestamp":32.850,"speed":242.5,"rpm":38375,"throttle":99,"brake":0,"gear":6,"steering":-1.5}
{"timestamp":32.900,"speed":245.0,"rpm":38750,"throttle":99,"brake":0,"gear":6,"steering":-1.0}
{"timestamp":32.950,"speed":247.5,"rpm":39125,"throttle":100,"brake":0,"gear":6,"steering":-0.5}
{"timestamp":33.000,"speed":250.0,"rpm":39500,"throttle":100,"brake":0,"gear":6,"steering":0.0}
{"timestamp":33.050,"speed":251.8,"rpm":39763,"throttle":100,"brake":0,"gear":6,"steering":0.0}
{"timestamp":33.100,"speed":253.5,"rpm":40025,"throttle":100,"brake":0,"gear":6,"steering":0.0}
{"timestamp":33.150,"speed":255.3,"rpm":40288,"throttle":100,"brake":0,"gear":6,"steering":0.0}
{"timestamp":33.200,"speed":257.0,"rpm":40550,"throttle":100,"brake":0,"gear":6,"steering":0.0}
{"timestamp":33.250,"speed":258.8,"rpm":40813,"throttle":100,"brake":0,"gear":6,"steering":0.0}
{"timestamp":33.300,"speed":260.5,"rpm":41075,"throttle":100,"brake":0,"gear":6,"steering":0.0}
{"timestamp":33.350,"speed":262.3,"rpm":41338,"throttle":100,"brake":0,"gear":6,"steering":0.0}
{"timestamp":33.400,"speed":264.0,"rpm":41600,"throttle":100,"brake":0,"gear":6,"steering":0.0}
{"timestamp":33.450,"speed":265.8,"rpm":41863,"throttle":100,"brake":0,"gear":6,"steering":0.0}
{"timestamp":33.500,"speed":267.5,"rpm":42125,"throttle":100,"brake":0,"gear":6,"steering":0.0}
{"timestamp":33.550,"speed":269.3,"rpm":42388,"throttle":100,"brake":0,"gear":6,"steering":0.0}
{"timestamp":33.600,"speed":271.0,"rpm":42650,"throttle":100,"brake":0,"gear":6,"steering":0.0}
{"timestamp":33.650,"speed":272.8,"rpm":42913,"throttle":100,"brake":0,"gear":6,"steering":0.0}
{"timestamp":33.700,"speed":274.5,"rpm":43175,"throttle":100,"brake":0,"gear":6,"steering":0.0}
{"timestamp":33.750,"speed":276.3,"rpm":43438,"throttle":100,"brake":0,"gear":6,"steering":0.0}
{"timestamp":33.800,"speed":278.0,"rpm":43700,"throttle":100,"brake":0,"gear":6,"steering":0.0}
{"timestamp":33.850,"speed":279.8,"rpm":43963,"throttle":100,"brake":0,"gear":6,"steering":0.0}
{"timestamp":33.900,"speed":281.5,"rpm":44225,"throttle":100,"brake":0,"gear":6,"steering":0.0}
{"timestamp":33.950,"speed":283.3,"rpm":44488,"throttle":100,"brake":0,"gear":6,"steering":0.0}
{"timestamp":34.000,"speed":285.0,"rpm":51875,"throttle":100,"brake":0,"gear":7,"steering":0.0}
{"timestamp":34.050,"speed":286.8,"rpm":52181,"throttle":100,"brake":0,"gear":7,"steering":0.0}
{"timestamp":34.100,"speed":288.5,"rpm":52488,"throttle":100,"brake":0,"gear":7,"steering":0.0}
{"timestamp":34.150,"speed":290.3,"rpm":52794,"throttle":100,"brake":0,"gear":7,"steering":0.0}
{"timestamp":34.200,"speed":292.0,"rpm":53100,"throttle":100,"brake":0,"gear":7,"steering":0.0}
{"timestamp":34.250,"speed":293.8,"rpm":53406,"throttle":100,"brake":0,"gear":7,"steering":0.0}
{"timestamp":34.300,"speed":295.5,"rpm":53713,"throttle":100,"brake":0,"gear":7,"steering":0.0}
{"timestamp":34.350,"speed":297.3,"rpm":54019,"throttle":100,"brake":0,"gear":7,"steering":0.0}
{"timestamp":34.400,"speed":299.0,"rpm":54325,"throttle":100,"brake":0,"gear":7,"steering":0.0}
{"timestamp":34.450,"speed":300.8,"rpm":54631,"throttle":100,"brake":0,"gear":7,"steering":0.0}
{"timestamp":34.500,"speed":302.5,"rpm":54938,"throttle":100,"brake":0,"gear":7,"steering":0.0}
{"timestamp":34.550,"speed":304.3,"rpm":55244,"throttle":100,"brake":0,"gear":7,"steering":0.0}
{"timestamp":34.600,"speed":306.0,"rpm":55550,"throttle":100,"brake":0,"gear":7,"steering":0.0}
{"timestamp":34.650,"speed":307.8,"rpm":55856,"throttle":100,"brake":0,"gear":7,"steering":0.0}
{"timestamp":34.700,"speed":309.5,"rpm":56163,"throttle":100,"brake":0,"gear":7,"steering":0.0}
{"timestamp":34.750,"speed":311.3,"rpm":56469,"throttle":100,"brake":0,"gear":7,"steering":0.0}
{"timestamp":34.800,"speed":313.0,"rpm":56775,"throttle":100,"brake":0,"gear":7,"steering":0.0}
{"timestamp":34.850,"speed":314.8,"rpm":57081,"throttle":100,"brake":0,"gear":7,"steering":0.0}
{"timestamp":34.900,"speed":316.5,"rpm":57388,"throttle":100,"brake":0,"gear":7,"steering":0.0}
{"timestamp":34.950,"speed":318.3,"rpm":57694,"throttle":100,"brake":0,"gear":7,"steering":0.0}
{"timestamp":35.000,"speed":320.0,"rpm":58000,"throttle":100,"brake":0,"gear":7,"steering":0.0}
{"timestamp":35.050,"speed":320.5,"rpm":58088,"throttle":100,"brake":0,"gear":7,"steering":0.0}
{"timestamp":35.100,"speed":321.0,"rpm":58175,"throttle":100,"brake":0,"gear":7,"steering":0.0}
{"timestamp":35.150,"speed":321.5,"rpm":58263,"throttle":100,"brake":0,"gear":7,"steering":0.0}
{"timestamp":35.200,"speed":322.0,"rpm":58350,"throttle":100,"brake":0,"gear":7,"steering":0.0}
{"timestamp":35.250,"speed":322.5,"rpm":58438,"throttle":100,"brake":0,"gear":7,"steering":0.0}
{"timestamp":35.300,"speed":323.0,"rpm":58525,"throttle":100,"brake":0,"gear":7,"steering":0.0}
{"timestamp":35.350,"speed":323.5,"rpm":58613,"throttle":100,"brake":0,"gear":7,"steering":0.0}
{"timestamp":35.400,"speed":324.0,"rpm":58700,"throttle":100,"brake":0,"gear":7,"steering":0.0}
{"timestamp":35.450,"speed":324.5,"rpm":58788,"throttle":100,"brake":0,"gear":7,"steering":0.0}
{"timestamp":35.500,"speed":325.0,"rpm":58875,"throttle":100,"brake":0,"gear":7,"steering":0.0}
{"timestamp":35.550,"speed":325.5,"rpm":58963,"throttle":100,"brake":0,"gear":7,"steering":0.0}
{"timestamp":35.600,"speed":326.0,"rpm":59050,"throttle":100,"brake":0,"gear":7,"steering":0.0}
{"timestamp":35.650,"speed":326.5,"rpm":59138,"throttle":100,"brake":0,"gear":7,"steering":0.0}
{"timestamp":35.700,"speed":327.0,"rpm":59225,"throttle":100,"brake":0,"gear":7,"steering":0.0}
{"timestamp":35.750,"speed":327.5,"rpm":59313,"throttle":100,"brake":0,"gear":7,"steering":0.0}
{"timestamp":35.800,"speed":328.0,"rpm":59400,"throttle":100,"brake":0,"gear":7,"steering":0.0}
{"timestamp":35.850,"speed":328.5,"rpm":59488,"throttle":100,"brake":0,"gear":7,"steering":0.0}
{"timestamp":35.900,"speed":329.0,"rpm":59575,"throttle":100,"brake":0,"gear":7,"steering":0.0}
{"timestamp":35.950,"speed":329.5,"rpm":59663,"throttle":100,"brake":0,"gear":7,"steering":0.0}
{"timestamp":36.000,"speed":330.0,"rpm":59750,"throttle":100,"brake":0,"gear":7,"steering":0.0}
{"timestamp":36.050,"speed":330.5,"rpm":59838,"throttle":100,"brake":0,"gear":7,"steering":0.0}
{"timestamp":36.100,"speed":331.0,"rpm":59925,"throttle":100,"brake":0,"gear":7,"steering":0.0}
{"timestamp":36.150,"speed":331.5,"rpm":60013,"throttle":100,"brake":0,"gear":7,"steering":0.0}
{"timestamp":36.200,"speed":332.0,"rpm":60100,"throttle":100,"brake":0,"gear":7,"steering":0.0}
{"timestamp":36.250,"speed":332.5,"rpm":60188,"throttle":100,"brake":0,"gear":7,"steering":0.0}
{"timestamp":36.300,"speed":333.0,"rpm":60275,"throttle":100,"brake":0,"gear":7,"steering":0.0}
{"timestamp":36.350,"speed":333.5,"rpm":60363,"throttle":100,"brake":0,"gear":7,"steering":0.0}
{"timestamp":36.400,"speed":334.0,"rpm":60450,"throttle":100,"brake":0,"gear":7,"steering":0.0}
{"timestamp":36.450,"speed":334.5,"rpm":60538,"throttle":100,"brake":0,"gear":7,"steering":0.0}
{"timestamp":36.500,"speed":335.0,"rpm":60625,"throttle":100,"brake":0,"gear":7,"steering":0.0}
{"timestamp":36.550,"speed":335.5,"rpm":60713,"throttle":100,"brake":0,"gear":7,"steering":0.0}
{"timestamp":36.600,"speed":336.0,"rpm":60800,"throttle":100,"brake":0,"gear":7,"steering":0.0}
{"timestamp":36.650,"speed":336.5,"rpm":60888,"throttle":100,"brake":0,"gear":7,"steering":0.0}
{"timestamp":36.700,"speed":337.0,"rpm":60975,"throttle":100,"brake":0,"gear":7,"steering":0.0}
{"timestamp":36.750,"speed":337.5,"rpm":61063,"throttle":100,"brake":0,"gear":7,"steering":0.0}
{"timestamp":36.800,"speed":338.0,"rpm":61150,"throttle":100,"brake":0,"gear":7,"steering":0.0}
{"timestamp":36.850,"speed":338.5,"rpm":61238,"throttle":100,"brake":0,"gear":7,"steering":0.0}
{"timestamp":36.900,"speed":339.0,"rpm":61325,"throttle":100,"brake":0,"gear":7,"steering":0.0}
{"timestamp":36.950,"speed":339.5,"rpm":61413,"throttle":100,"brake":0,"gear":7,"steering":0.0}
{"timestamp":37.000,"speed":340.0,"rpm":61500,"throttle":100,"brake":0,"gear":7,"steering":0.0}
{"timestamp":37.050,"speed":340.0,"rpm":61500,"throttle":100,"brake":0,"gear":7,"steering":0.0}
{"timestamp":37.100,"speed":340.0,"rpm":61500,"throttle":100,"brake":0,"gear":7,"steering":0.0}
{"timestamp":37.150,"speed":340.0,"rpm":61500,"throttle":100,"brake":0,"gear":7,"steering":0.0}
{"timestamp":37.200,"speed":340.0,"rpm":61500,"throttle":100,"brake":0,"gear":7,"steering":0.0}
{"timestamp":37.250,"speed":340.0,"rpm":61500,"throttle":100,"brake":0,"gear":7,"steering":0.0}
{"timestamp":37.300,"speed":340.0,"rpm":61500,"throttle":100,"brake":0,"gear":7,"steering":0.0}
{"timestamp":37.350,"speed":340.0,"rpm":61500,"throttle":100,"brake":0,"gear":7,"steering":0.0}
{"timestamp":37.400,"speed":340.0,"rpm":61500,"throttle":100,"brake":0,"gear":7,"steering":0.0}
{"timestamp":37.450,"speed":340.0,"rpm":61500,"throttle":100,"brake":0,"gear":7,"steering":0.0}
{"timestamp":37.500,"speed":340.0,"rpm":61500,"throttle":100,"brake":0,"gear":7,"steering":0.0}
{"timestamp":37.550,"speed":340.0,"rpm":61500,"throttle":100,"brake":0,"gear":7,"steering":0.0}
{"timestamp":37.600,"speed":340.0,"rpm":61500,"throttle":100,"brake":0,"gear":7,"steering":0.0}
{"timestamp":37.650,"speed":340.0,"rpm":61500,"throttle":100,"brake":0,"gear":7,"steering":0.0}
{"timestamp":37.700,"speed":340.0,"rpm":61500,"throttle":100,"brake":0,"gear":7,"steering":0.0}
{"timestamp":37.750,"speed":340.0,"rpm":61500,"throttle":100,"brake":0,"gear":7,"steering":0.0}
{"timestamp":37.800,"speed":340.0,"rpm":61500,"throttle":100,"brake":0,"gear":7,"steering":0.0}
{"timestamp":37.850,"speed":340.0,"rpm":61500,"throttle":100,"brake":0,"gear":7,"steering":0.0}
{"timestamp":37.900,"speed":340.0,"rpm":61500,"throttle":100,"brake":0,"gear":7,"steering":0.0}
{"timestamp":37.950,"speed":340.0,"rpm":61500,"throttle":100,"brake":0,"gear":7,"steering":0.0}
{"timestamp":38.000,"speed":340.0,"rpm":61500,"throttle":100,"brake":0,"gear":7,"steering":0.0}
